,RELIANCE,TCS
RELIANCE,1.0,0.3349458319424193
TCS,0.3349458319424193,1.0
