Sector,YearlyReturn
ENERGY,0.04365079365079365
SOFTWARE,0.037267080745341616
